signal_date,symbol,signal_type,planned_execute,execution_price,friday_close_ref
2026-03-06,CFG,ENTRY,2026-03-08,next_open,58.04
2026-03-06,DAKT,ENTRY,2026-03-08,next_open,21.95
2026-03-06,AAL,EXIT,2026-03-06,close,11.18
2026-03-06,ABG,EXIT,2026-03-06,close,204.78
2026-03-06,ADI,EXIT,2026-03-06,close,315.81
2026-03-06,ADT,EXIT,2026-03-06,close,6.55
2026-03-06,AEIS,EXIT,2026-03-06,close,290.78
2026-03-06,AIR,EXIT,2026-03-06,close,108.52
2026-03-06,ALSN,EXIT,2026-03-06,close,116.94
2026-03-06,AMBA,EXIT,2026-03-06,close,52.375
2026-03-06,AME,EXIT,2026-03-06,close,221.98
2026-03-06,APAM,EXIT,2026-03-06,close,37.34
2026-03-06,APH,EXIT,2026-03-06,close,131.87
2026-03-06,ARW,EXIT,2026-03-06,close,138.36
2026-03-06,ASX,EXIT,2026-03-06,close,21.12
2026-03-06,ATI,EXIT,2026-03-06,close,150.09
2026-03-06,AVT,EXIT,2026-03-06,close,60.05
2026-03-06,AWI,EXIT,2026-03-06,close,168.24
2026-03-06,AXTA,EXIT,2026-03-06,close,29.61
2026-03-06,BALL,EXIT,2026-03-06,close,62.53
2026-03-06,BANF,EXIT,2026-03-06,close,108.83
2026-03-06,BAX,EXIT,2026-03-06,close,17.69
2026-03-06,BDX,EXIT,2026-03-06,close,167.12
2026-03-06,BHP,EXIT,2026-03-06,close,71.85
2026-03-06,BKR,EXIT,2026-03-06,close,59.81
2026-03-06,BLDR,EXIT,2026-03-06,close,93.12
2026-03-06,BLK,EXIT,2026-03-06,close,955.45
2026-03-06,BMA,EXIT,2026-03-06,close,70.4
2026-03-06,CAT,EXIT,2026-03-06,close,680.9
2026-03-06,CBRE,EXIT,2026-03-06,close,136.83
2026-03-06,CELH,EXIT,2026-03-06,close,42.92
2026-03-06,CG,EXIT,2026-03-06,close,48.9
2026-03-06,CGNX,EXIT,2026-03-06,close,49.45
2026-03-06,CIEN,EXIT,2026-03-06,close,294.17
2026-03-06,CLF,EXIT,2026-03-06,close,9.83
2026-03-06,CPRI,EXIT,2026-03-06,close,17.95
2026-03-06,CSGS,EXIT,2026-03-06,close,79.9
2026-03-06,CVCO,EXIT,2026-03-06,close,536.49
2026-03-06,CXT,EXIT,2026-03-06,close,46.12
2026-03-06,DAN,EXIT,2026-03-06,close,32.63
2026-03-06,DD,EXIT,2026-03-06,close,45.26
2026-03-06,DE,EXIT,2026-03-06,close,589.77
2026-03-06,DHR,EXIT,2026-03-06,close,195.5
2026-03-06,EXEL,EXIT,2026-03-06,close,41.545
2026-03-06,EXP,EXIT,2026-03-06,close,196.79
2026-03-06,FDX,EXIT,2026-03-06,close,359.1
2026-03-06,FG,EXIT,2026-03-06,close,22.82
2026-03-06,FIX,EXIT,2026-03-06,close,1279.06
2026-03-06,FLS,EXIT,2026-03-06,close,76.23
2026-03-06,FND,EXIT,2026-03-06,close,60.11
2026-03-06,FORM,EXIT,2026-03-06,close,85.01
2026-03-06,FSLR,EXIT,2026-03-06,close,189.21
2026-03-06,FTI,EXIT,2026-03-06,close,63.02
2026-03-06,GLW,EXIT,2026-03-06,close,123.29
2026-03-06,GNTX,EXIT,2026-03-06,close,22.08
2026-03-06,GPC,EXIT,2026-03-06,close,115.52
2026-03-06,HON,EXIT,2026-03-06,close,235.29
2026-03-06,ICFI,EXIT,2026-03-06,close,75.95
2026-03-06,ICHR,EXIT,2026-03-06,close,40.02
2026-03-06,ICUI,EXIT,2026-03-06,close,132.0
2026-03-06,IONS,EXIT,2026-03-06,close,74.04
2026-03-06,JCI,EXIT,2026-03-06,close,132.4
2026-03-06,KBR,EXIT,2026-03-06,close,40.0
2026-03-06,KEYS,EXIT,2026-03-06,close,272.43
2026-03-06,KMT,EXIT,2026-03-06,close,37.18
2026-03-06,KO,EXIT,2026-03-06,close,77.04
2026-03-06,LC,EXIT,2026-03-06,close,14.67
2026-03-06,LITE,EXIT,2026-03-06,close,558.44
2026-03-06,LTH,EXIT,2026-03-06,close,25.37
2026-03-06,MATX,EXIT,2026-03-06,close,152.99
2026-03-06,MDB,EXIT,2026-03-06,close,270.47
2026-03-06,MDGL,EXIT,2026-03-06,close,432.83
2026-03-06,MET,EXIT,2026-03-06,close,71.83
2026-03-06,MGEE,EXIT,2026-03-06,close,79.85
2026-03-06,MHK,EXIT,2026-03-06,close,107.37
2026-03-06,MIR,EXIT,2026-03-06,close,20.54
2026-03-06,MSGS,EXIT,2026-03-06,close,313.34
2026-03-06,MTD,EXIT,2026-03-06,close,1209.65
2026-03-06,NDSN,EXIT,2026-03-06,close,272.84
2026-03-06,NEOG,EXIT,2026-03-06,close,9.7
2026-03-06,NKE,EXIT,2026-03-06,close,57.01
2026-03-06,NSSC,EXIT,2026-03-06,close,41.16
2026-03-06,OFG,EXIT,2026-03-06,close,39.2
2026-03-06,OI,EXIT,2026-03-06,close,11.38
2026-03-06,OLED,EXIT,2026-03-06,close,97.03
2026-03-06,PDM,EXIT,2026-03-06,close,7.26
2026-03-06,PH,EXIT,2026-03-06,close,923.72
2026-03-06,PIPR,EXIT,2026-03-06,close,293.52
2026-03-06,PNR,EXIT,2026-03-06,close,92.17
2026-03-06,PODD,EXIT,2026-03-06,close,237.01
2026-03-06,RBC,EXIT,2026-03-06,close,552.91
2026-03-06,REXR,EXIT,2026-03-06,close,36.03
2026-03-06,RH,EXIT,2026-03-06,close,142.16
2026-03-06,RIG,EXIT,2026-03-06,close,5.93
2026-03-06,RIO,EXIT,2026-03-06,close,90.21
2026-03-06,RMBS,EXIT,2026-03-06,close,88.12
2026-03-06,RPM,EXIT,2026-03-06,close,102.14
2026-03-06,RRX,EXIT,2026-03-06,close,186.5
2026-03-06,RUN,EXIT,2026-03-06,close,11.34
2026-03-06,SANM,EXIT,2026-03-06,close,123.0
2026-03-06,SOLV,EXIT,2026-03-06,close,69.41
2026-03-06,SON,EXIT,2026-03-06,close,53.34
2026-03-06,SYF,EXIT,2026-03-06,close,66.67
2026-03-06,TDY,EXIT,2026-03-06,close,647.64
2026-03-06,TEL,EXIT,2026-03-06,close,205.85
2026-03-06,TER,EXIT,2026-03-06,close,273.05
2026-03-06,THO,EXIT,2026-03-06,close,86.3
2026-03-06,TKR,EXIT,2026-03-06,close,99.68
2026-03-06,TMO,EXIT,2026-03-06,close,501.97
2026-03-06,TPR,EXIT,2026-03-06,close,144.15
2026-03-06,TS,EXIT,2026-03-06,close,52.53
2026-03-06,UCTT,EXIT,2026-03-06,close,50.56
2026-03-06,WAB,EXIT,2026-03-06,close,244.68
2026-03-06,WING,EXIT,2026-03-06,close,229.17
2026-03-06,WMB,EXIT,2026-03-06,close,74.24
2026-03-06,WYNN,EXIT,2026-03-06,close,101.61
2026-03-06,XPO,EXIT,2026-03-06,close,188.65
